55.ndpi,
56.ndpi,
57.ndpi,
58.ndpi,
59.ndpi,1
60.ndpi,
61.ndpi,1
62.ndpi,
63.ndpi,
64.ndpi,
65.ndpi,
66.ndpi,
67.ndpi,1
68.ndpi,1
69.ndpi,
70.ndpi,
71.ndpi,
72.ndpi,
2100613.ndpi,1
2101884.ndpi,1
2101959.ndpi,1
B764778不清晰.ndpi,1
XC2005840.ndpi,1
XC2005841.ndpi,1
XC2008570.ndpi,1
XC2008690.ndpi,1
XC2010634.ndpi,1
XC2014394.ndpi,1
XC2014684.ndpi,1
XC2103033.ndpi,1
XC2103191.ndpi,1
XC2107799.ndpi,1
2022666.ndpi,
203549.ndpi,
2102316A.ndpi,
B0765829.ndpi,
B742520A.ndpi,
B755428A.ndpi,
B757171A.ndpi,
B757849A.ndpi,
B759309A.ndpi,
B760516A.ndpi,
B760761A.ndpi,
B761721.ndpi,
B766161A.ndpi,
B767726A.ndpi,
B768030A.ndpi,
B768663A.ndpi,
XC1909726.ndpi,
XC1914762.ndpi,
XC2000025.ndpi,
XC2001218.ndpi,
XC2001939.ndpi,
XC2004207.ndpi,
XC2005335.ndpi,
XC2005416.ndpi,
XC2005421.ndpi,
XC2012162.ndpi,
XC2012833.ndpi,
XC2013093.ndpi,
XC2014621.ndpi,
XC2015673.ndpi,
XC2018287.ndpi,
XC2018483.ndpi,
XC2100441.ndpi,
XC2100928.ndpi,
XC2101059.ndpi,
XC2101325.ndpi,
XC2101649.ndpi,
XC2101857.ndpi,
XC2101881.ndpi,
XC2104096.ndpi,
XC2105360.ndpi,
XC2107456.ndpi,
XC2109490.ndpi,
XC2109491.ndpi,
105.ndpi,
106.ndpi,1
107.ndpi,1
108.ndpi,1
109.ndpi,1
110.ndpi,
111.ndpi,1
112.ndpi,
113.ndpi,1
114.ndpi,
115.ndpi,1
116.ndpi,1
117.ndpi,
118.ndpi,
119.ndpi,1
120.ndpi,
121.ndpi,
122.ndpi,
37.ndpi,
39.ndpi,
40.ndpi,1
41.ndpi,
42.ndpi,
43.ndpi,
44.ndpi,
45.ndpi,
46.ndpi,
47.ndpi,
49.ndpi,1
50.ndpi,
51.ndpi,
52.ndpi,
53.ndpi,
54.ndpi,
19.ndpi,
20.ndpi,1
21.ndpi,1
22.ndpi,
23.ndpi,
24.ndpi,1
25.ndpi,
26.ndpi,
27.ndpi,1
28.ndpi,
29.ndpi,
30.ndpi,
31.ndpi,
32.ndpi,
33.ndpi,
34.ndpi,
35.ndpi,
36.ndpi,
73.ndpi,
74.ndpi,
75.ndpi,1
76.ndpi,
77.ndpi,1
78.ndpi,1
79.ndpi,
80.ndpi,
81.ndpi,1
82.ndpi,1
83.ndpi,1
84.ndpi,
85.ndpi,1
86.ndpi,
87.ndpi,
88.ndpi,
89.ndpi,
90.ndpi,1
100.ndpi,
101.ndpi,
102.ndpi,1
103.ndpi,
104.ndpi,
91.ndpi,1
92.ndpi,1
93.ndpi,
94.ndpi,
95.ndpi,
96.ndpi,1
97.ndpi,
98.ndpi,
99.ndpi,
